{"SubTexture":[{"x":307,"y":93,"width":74,"name":"bullet_01_f/bullet_01","height":20},{"x":212,"y":1,"width":48,"name":"fire_effect_01_f/fireEffect","height":38},{"x":1,"y":430,"width":180,"name":"flame_01_f/ba_bu_flame1","height":52},{"x":1,"frameX":-2,"frameWidth":86,"width":81,"frameY":0,"y":1,"frameHeight":234,"name":"flame_01_f/bbb","height":233},{"x":319,"y":1,"width":44,"name":"mecha_1502b_folder/shouder_l_0","height":39},{"x":434,"y":77,"width":29,"name":"mecha_1502b_folder/foot_l_0","height":106},{"x":434,"y":185,"width":50,"name":"mecha_1502b_folder/thigh_1_l_0","height":32},{"x":84,"y":177,"width":122,"name":"mecha_1502b_folder/calf_l","height":46},{"x":84,"y":118,"width":101,"name":"mecha_1502b_folder/thigh_l","height":57},{"x":465,"y":77,"width":41,"name":"mecha_1502b_folder/pelvis","height":65},{"x":1,"y":236,"width":89,"name":"mecha_1502b_folder/chest","height":192},{"x":403,"y":77,"width":29,"name":"mecha_1502b_folder/foot_r","height":109},{"x":262,"y":1,"width":55,"name":"mecha_1502b_folder/thigh_1_r_1","height":32},{"x":84,"y":1,"width":126,"name":"mecha_1502b_folder/calf_r","height":52},{"x":84,"y":55,"width":103,"name":"mecha_1502b_folder/thigh_r","height":61},{"x":465,"y":144,"width":43,"name":"mecha_1502b_folder/shouder_r_1","height":39},{"x":189,"y":55,"width":116,"name":"weapon_1502b_folder/back_l","height":44},{"x":307,"y":55,"width":94,"name":"weapon_1502b_folder/image/paoguan_0001","height":36},{"x":403,"y":1,"width":94,"name":"weapon_1502b_folder/image/paoguan_0003","height":36},{"x":403,"frameX":0,"frameWidth":94,"width":93,"frameY":0,"y":39,"frameHeight":36,"name":"weapon_1502b_folder/image/paoguan_0002","height":36},{"x":187,"y":118,"width":121,"name":"weapon_1502b_folder/back_r","height":45}],"name":"mecha_1502b","imagePath":"mecha_1502b_tex.png"}