{"imagePath":"body_tex.png","width":1024,"SubTexture":[{"height":10,"y":994,"width":10,"name":"blank","x":444},{"height":472,"y":1,"width":295,"name":"body/a_arm_L","x":720},{"height":1013,"y":1,"width":179,"name":"body/a_leg_L","x":263},{"height":555,"y":1,"width":274,"name":"body/a_body","x":444},{"height":930,"y":1,"width":260,"name":"body/a_leg_R","x":1},{"height":517,"y":475,"width":215,"name":"body/a_arm_R","x":720},{"height":238,"y":558,"width":202,"name":"body/a_head","x":444},{"height":117,"y":798,"width":141,"name":"face/10202001","x":444}],"name":"body","height":1024}